[{"model": "contenttypes.contenttype", "pk": 1, "fields": {"app_label": "admin", "model": "logentry"}}, {"model": "contenttypes.contenttype", "pk": 2, "fields": {"app_label": "auth", "model": "permission"}}, {"model": "contenttypes.contenttype", "pk": 3, "fields": {"app_label": "auth", "model": "group"}}, {"model": "contenttypes.contenttype", "pk": 4, "fields": {"app_label": "auth", "model": "user"}}, {"model": "contenttypes.contenttype", "pk": 5, "fields": {"app_label": "contenttypes", "model": "contenttype"}}, {"model": "contenttypes.contenttype", "pk": 6, "fields": {"app_label": "sessions", "model": "session"}}, {"model": "contenttypes.contenttype", "pk": 7, "fields": {"app_label": "learning_posts", "model": "topic"}}, {"model": "contenttypes.contenttype", "pk": 8, "fields": {"app_label": "learning_posts", "model": "entry"}}, {"model": "contenttypes.contenttype", "pk": 9, "fields": {"app_label": "profiles", "model": "profile"}}, {"model": "auth.permission", "pk": 1, "fields": {"name": "Can add log entry", "content_type": 1, "codename": "add_logentry"}}, {"model": "auth.permission", "pk": 2, "fields": {"name": "Can change log entry", "content_type": 1, "codename": "change_logentry"}}, {"model": "auth.permission", "pk": 3, "fields": {"name": "Can delete log entry", "content_type": 1, "codename": "delete_logentry"}}, {"model": "auth.permission", "pk": 4, "fields": {"name": "Can view log entry", "content_type": 1, "codename": "view_logentry"}}, {"model": "auth.permission", "pk": 5, "fields": {"name": "Can add permission", "content_type": 2, "codename": "add_permission"}}, {"model": "auth.permission", "pk": 6, "fields": {"name": "Can change permission", "content_type": 2, "codename": "change_permission"}}, {"model": "auth.permission", "pk": 7, "fields": {"name": "Can delete permission", "content_type": 2, "codename": "delete_permission"}}, {"model": "auth.permission", "pk": 8, "fields": {"name": "Can view permission", "content_type": 2, "codename": "view_permission"}}, {"model": "auth.permission", "pk": 9, "fields": {"name": "Can add group", "content_type": 3, "codename": "add_group"}}, {"model": "auth.permission", "pk": 10, "fields": {"name": "Can change group", "content_type": 3, "codename": "change_group"}}, {"model": "auth.permission", "pk": 11, "fields": {"name": "Can delete group", "content_type": 3, "codename": "delete_group"}}, {"model": "auth.permission", "pk": 12, "fields": {"name": "Can view group", "content_type": 3, "codename": "view_group"}}, {"model": "auth.permission", "pk": 13, "fields": {"name": "Can add user", "content_type": 4, "codename": "add_user"}}, {"model": "auth.permission", "pk": 14, "fields": {"name": "Can change user", "content_type": 4, "codename": "change_user"}}, {"model": "auth.permission", "pk": 15, "fields": {"name": "Can delete user", "content_type": 4, "codename": "delete_user"}}, {"model": "auth.permission", "pk": 16, "fields": {"name": "Can view user", "content_type": 4, "codename": "view_user"}}, {"model": "auth.permission", "pk": 17, "fields": {"name": "Can add content type", "content_type": 5, "codename": "add_contenttype"}}, {"model": "auth.permission", "pk": 18, "fields": {"name": "Can change content type", "content_type": 5, "codename": "change_contenttype"}}, {"model": "auth.permission", "pk": 19, "fields": {"name": "Can delete content type", "content_type": 5, "codename": "delete_contenttype"}}, {"model": "auth.permission", "pk": 20, "fields": {"name": "Can view content type", "content_type": 5, "codename": "view_contenttype"}}, {"model": "auth.permission", "pk": 21, "fields": {"name": "Can add session", "content_type": 6, "codename": "add_session"}}, {"model": "auth.permission", "pk": 22, "fields": {"name": "Can change session", "content_type": 6, "codename": "change_session"}}, {"model": "auth.permission", "pk": 23, "fields": {"name": "Can delete session", "content_type": 6, "codename": "delete_session"}}, {"model": "auth.permission", "pk": 24, "fields": {"name": "Can view session", "content_type": 6, "codename": "view_session"}}, {"model": "auth.permission", "pk": 25, "fields": {"name": "Can add topic", "content_type": 7, "codename": "add_topic"}}, {"model": "auth.permission", "pk": 26, "fields": {"name": "Can change topic", "content_type": 7, "codename": "change_topic"}}, {"model": "auth.permission", "pk": 27, "fields": {"name": "Can delete topic", "content_type": 7, "codename": "delete_topic"}}, {"model": "auth.permission", "pk": 28, "fields": {"name": "Can view topic", "content_type": 7, "codename": "view_topic"}}, {"model": "auth.permission", "pk": 29, "fields": {"name": "Can add entry", "content_type": 8, "codename": "add_entry"}}, {"model": "auth.permission", "pk": 30, "fields": {"name": "Can change entry", "content_type": 8, "codename": "change_entry"}}, {"model": "auth.permission", "pk": 31, "fields": {"name": "Can delete entry", "content_type": 8, "codename": "delete_entry"}}, {"model": "auth.permission", "pk": 32, "fields": {"name": "Can view entry", "content_type": 8, "codename": "view_entry"}}, {"model": "auth.permission", "pk": 33, "fields": {"name": "Can add profile", "content_type": 9, "codename": "add_profile"}}, {"model": "auth.permission", "pk": 34, "fields": {"name": "Can change profile", "content_type": 9, "codename": "change_profile"}}, {"model": "auth.permission", "pk": 35, "fields": {"name": "Can delete profile", "content_type": 9, "codename": "delete_profile"}}, {"model": "auth.permission", "pk": 36, "fields": {"name": "Can view profile", "content_type": 9, "codename": "view_profile"}}, {"model": "auth.user", "pk": 1, "fields": {"password": "pbkdf2_sha256$150000$9CzkclXA9q5B$EIL99/yfLO+mgKSiZXQI94pPfZLV5SM7EIZ1YdrbUMg=", "last_login": "2021-04-24T03:58:45.262Z", "is_superuser": false, "username": "testuser1", "first_name": "", "last_name": "", "email": "", "is_staff": false, "is_active": true, "date_joined": "2021-04-16T03:01:37.440Z", "groups": [], "user_permissions": []}}, {"model": "auth.user", "pk": 2, "fields": {"password": "pbkdf2_sha256$150000$bHHnysUPm1BT$cyPUh7Dl6D6c4hbw6Q+ObjAsYw0OSWJGemFFRSk6aGs=", "last_login": "2021-04-24T02:11:31.670Z", "is_superuser": false, "username": "testuser2", "first_name": "", "last_name": "", "email": "", "is_staff": false, "is_active": true, "date_joined": "2021-04-20T04:06:28.844Z", "groups": [], "user_permissions": []}}, {"model": "auth.user", "pk": 3, "fields": {"password": "pbkdf2_sha256$150000$E3eLIix5HI6l$o3FLX1zRi0b8sftKsMTSjKdbwbYxqj+wc4yrwkqilEQ=", "last_login": "2021-04-21T04:31:28.091Z", "is_superuser": false, "username": "testuser3", "first_name": "", "last_name": "", "email": "", "is_staff": false, "is_active": true, "date_joined": "2021-04-21T04:31:27.480Z", "groups": [], "user_permissions": []}}, {"model": "auth.user", "pk": 4, "fields": {"password": "pbkdf2_sha256$150000$mEgyQcyRACUb$fx38A6PtzzOBk27CEMb7rEAVJAPpCj+Fw5EncVszq+g=", "last_login": "2021-04-24T02:28:53.669Z", "is_superuser": false, "username": "demo", "first_name": "", "last_name": "", "email": "", "is_staff": false, "is_active": true, "date_joined": "2021-04-24T02:28:30.514Z", "groups": [], "user_permissions": []}}, {"model": "learning_posts.topic", "pk": 1, "fields": {"user": 1, "post_topic": "First Test Topic", "date_added": "2021-04-16T03:01:46.347Z"}}, {"model": "learning_posts.topic", "pk": 2, "fields": {"user": 1, "post_topic": "Another topic", "date_added": "2021-04-17T02:40:33.618Z"}}, {"model": "learning_posts.topic", "pk": 3, "fields": {"user": 1, "post_topic": "Another topic again", "date_added": "2021-04-17T02:40:39.701Z"}}, {"model": "learning_posts.topic", "pk": 4, "fields": {"user": 1, "post_topic": "asd", "date_added": "2021-04-17T04:26:56.297Z"}}, {"model": "learning_posts.topic", "pk": 5, "fields": {"user": 1, "post_topic": "asdfjk;l", "date_added": "2021-04-18T14:41:49.041Z"}}, {"model": "learning_posts.topic", "pk": 6, "fields": {"user": 1, "post_topic": "asdf", "date_added": "2021-04-18T18:36:25.830Z"}}, {"model": "learning_posts.topic", "pk": 7, "fields": {"user": 1, "post_topic": "asdf", "date_added": "2021-04-19T01:42:55.937Z"}}, {"model": "learning_posts.topic", "pk": 8, "fields": {"user": 1, "post_topic": "87230482", "date_added": "2021-04-19T01:43:09.504Z"}}, {"model": "learning_posts.topic", "pk": 9, "fields": {"user": 1, "post_topic": "My journey in Coding", "date_added": "2021-04-19T02:58:23.364Z"}}, {"model": "learning_posts.topic", "pk": 10, "fields": {"user": 1, "post_topic": "Climbing", "date_added": "2021-04-19T02:58:32.834Z"}}, {"model": "learning_posts.topic", "pk": 11, "fields": {"user": 1, "post_topic": "Chess", "date_added": "2021-04-19T02:58:37.245Z"}}, {"model": "learning_posts.topic", "pk": 12, "fields": {"user": 1, "post_topic": "New Topic", "date_added": "2021-04-20T03:45:01.119Z"}}, {"model": "learning_posts.topic", "pk": 13, "fields": {"user": 1, "post_topic": "testing", "date_added": "2021-04-20T03:46:10.315Z"}}, {"model": "learning_posts.topic", "pk": 14, "fields": {"user": 1, "post_topic": "testing", "date_added": "2021-04-20T03:47:19.064Z"}}, {"model": "learning_posts.topic", "pk": 15, "fields": {"user": 1, "post_topic": ";lkajsdf", "date_added": "2021-04-20T03:48:44.988Z"}}, {"model": "learning_posts.topic", "pk": 16, "fields": {"user": 1, "post_topic": "asdfsa", "date_added": "2021-04-20T03:49:04.553Z"}}, {"model": "learning_posts.topic", "pk": 17, "fields": {"user": 1, "post_topic": "I am going to test out the length limitation that I implimentedsa;ldfja;slkdfja;sldkfjas;lkdfjas;ldkfja;slkdfja;sdlkfjas;dfkljasd;flkajsd;flkasjd;f", "date_added": "2021-04-20T03:50:07.127Z"}}, {"model": "learning_posts.topic", "pk": 18, "fields": {"user": 1, "post_topic": "First topic for testuser2", "date_added": "2021-04-20T04:06:48.151Z"}}, {"model": "learning_posts.topic", "pk": 19, "fields": {"user": 2, "post_topic": "New topic for testuser2", "date_added": "2021-04-20T04:10:41.879Z"}}, {"model": "learning_posts.topic", "pk": 20, "fields": {"user": 2, "post_topic": "Another one", "date_added": "2021-04-20T04:11:08.515Z"}}, {"model": "learning_posts.topic", "pk": 21, "fields": {"user": 1, "post_topic": "Clouds", "date_added": "2021-04-21T02:13:40.539Z"}}, {"model": "learning_posts.topic", "pk": 22, "fields": {"user": 1, "post_topic": "Coding", "date_added": "2021-04-21T02:14:14.754Z"}}, {"model": "learning_posts.topic", "pk": 23, "fields": {"user": 1, "post_topic": "Learning Web Development", "date_added": "2021-04-21T02:15:19.167Z"}}, {"model": "learning_posts.topic", "pk": 24, "fields": {"user": 2, "post_topic": "Learning how to use React", "date_added": "2021-04-21T02:29:22.969Z"}}, {"model": "learning_posts.topic", "pk": 25, "fields": {"user": 1, "post_topic": "Cars", "date_added": "2021-04-21T03:17:46.421Z"}}, {"model": "learning_posts.topic", "pk": 26, "fields": {"user": 2, "post_topic": "This is the first topic for testuser2", "date_added": "2021-04-24T02:09:02.216Z"}}, {"model": "learning_posts.entry", "pk": 1, "fields": {"user": 1, "topic": 1, "post_entry": "Testing out entries", "date_added": "2021-04-16T03:02:12.561Z"}}, {"model": "learning_posts.entry", "pk": 2, "fields": {"user": 1, "topic": 1, "post_entry": "Testing", "date_added": "2021-04-16T03:09:40.887Z"}}, {"model": "learning_posts.entry", "pk": 3, "fields": {"user": 1, "topic": 1, "post_entry": "Another", "date_added": "2021-04-16T03:13:24.937Z"}}, {"model": "learning_posts.entry", "pk": 4, "fields": {"user": 1, "topic": 1, "post_entry": "testing out entries", "date_added": "2021-04-16T03:22:40.398Z"}}, {"model": "learning_posts.entry", "pk": 5, "fields": {"user": 1, "topic": 1, "post_entry": "testing out entries", "date_added": "2021-04-16T03:34:51.091Z"}}, {"model": "learning_posts.entry", "pk": 6, "fields": {"user": 1, "topic": 1, "post_entry": "12312312", "date_added": "2021-04-16T03:54:09.827Z"}}, {"model": "learning_posts.entry", "pk": 7, "fields": {"user": 1, "topic": 1, "post_entry": "testing", "date_added": "2021-04-17T02:47:55.128Z"}}, {"model": "learning_posts.entry", "pk": 8, "fields": {"user": 1, "topic": 1, "post_entry": "Testing out", "date_added": "2021-04-17T02:53:27.134Z"}}, {"model": "learning_posts.entry", "pk": 9, "fields": {"user": 1, "topic": 1, "post_entry": "Testing", "date_added": "2021-04-17T02:54:17.206Z"}}, {"model": "learning_posts.entry", "pk": 10, "fields": {"user": 1, "topic": 1, "post_entry": ";laskdjf", "date_added": "2021-04-17T02:58:05.280Z"}}, {"model": "learning_posts.entry", "pk": 11, "fields": {"user": 1, "topic": 1, "post_entry": ";lkjasdf", "date_added": "2021-04-17T02:58:17.957Z"}}, {"model": "learning_posts.entry", "pk": 12, "fields": {"user": 1, "topic": 1, "post_entry": "Testing out 123", "date_added": "2021-04-17T03:03:42.232Z"}}, {"model": "learning_posts.entry", "pk": 13, "fields": {"user": 1, "topic": 1, "post_entry": "testing", "date_added": "2021-04-17T03:08:48.179Z"}}, {"model": "learning_posts.entry", "pk": 14, "fields": {"user": 1, "topic": 1, "post_entry": "lkj", "date_added": "2021-04-17T03:10:52.824Z"}}, {"model": "learning_posts.entry", "pk": 15, "fields": {"user": 1, "topic": 1, "post_entry": "asdf", "date_added": "2021-04-17T03:16:15.265Z"}}, {"model": "learning_posts.entry", "pk": 16, "fields": {"user": 1, "topic": 1, "post_entry": "lkj", "date_added": "2021-04-17T03:16:34.976Z"}}, {"model": "learning_posts.entry", "pk": 17, "fields": {"user": 1, "topic": 1, "post_entry": "asdf", "date_added": "2021-04-17T03:17:20.838Z"}}, {"model": "learning_posts.entry", "pk": 18, "fields": {"user": 1, "topic": 1, "post_entry": "asdf", "date_added": "2021-04-17T03:18:02.856Z"}}, {"model": "learning_posts.entry", "pk": 19, "fields": {"user": 1, "topic": 1, "post_entry": "asdf", "date_added": "2021-04-17T03:18:23.934Z"}}, {"model": "learning_posts.entry", "pk": 20, "fields": {"user": 1, "topic": 1, "post_entry": "asdf", "date_added": "2021-04-17T03:29:33.897Z"}}, {"model": "learning_posts.entry", "pk": 21, "fields": {"user": 1, "topic": 1, "post_entry": "asdf", "date_added": "2021-04-17T03:36:13.253Z"}}, {"model": "learning_posts.entry", "pk": 22, "fields": {"user": 1, "topic": 1, "post_entry": "asdf", "date_added": "2021-04-17T03:36:49.390Z"}}, {"model": "learning_posts.entry", "pk": 23, "fields": {"user": 1, "topic": 1, "post_entry": "asdf", "date_added": "2021-04-17T03:49:44.943Z"}}, {"model": "learning_posts.entry", "pk": 24, "fields": {"user": 1, "topic": 1, "post_entry": "asdf", "date_added": "2021-04-17T04:04:11.586Z"}}, {"model": "learning_posts.entry", "pk": 25, "fields": {"user": 1, "topic": 1, "post_entry": "asdf", "date_added": "2021-04-17T04:08:55.919Z"}}, {"model": "learning_posts.entry", "pk": 26, "fields": {"user": 1, "topic": 1, "post_entry": "asdf", "date_added": "2021-04-17T04:16:41.484Z"}}, {"model": "learning_posts.entry", "pk": 27, "fields": {"user": 1, "topic": 1, "post_entry": "fdfasdsd", "date_added": "2021-04-17T04:16:50.694Z"}}, {"model": "learning_posts.entry", "pk": 28, "fields": {"user": 1, "topic": 1, "post_entry": ";lkjfd;a", "date_added": "2021-04-17T04:18:09.520Z"}}, {"model": "learning_posts.entry", "pk": 29, "fields": {"user": 1, "topic": 1, "post_entry": "asdf", "date_added": "2021-04-17T04:20:17.267Z"}}, {"model": "learning_posts.entry", "pk": 30, "fields": {"user": 1, "topic": 1, "post_entry": "asdf", "date_added": "2021-04-17T04:20:51.815Z"}}, {"model": "learning_posts.entry", "pk": 31, "fields": {"user": 1, "topic": 1, "post_entry": "new entry", "date_added": "2021-04-17T04:21:43.439Z"}}, {"model": "learning_posts.entry", "pk": 32, "fields": {"user": 1, "topic": 1, "post_entry": "new test entry", "date_added": "2021-04-17T04:22:06.389Z"}}, {"model": "learning_posts.entry", "pk": 33, "fields": {"user": 1, "topic": 1, "post_entry": "asddsdfsd", "date_added": "2021-04-17T04:25:21.592Z"}}, {"model": "learning_posts.entry", "pk": 34, "fields": {"user": 1, "topic": 1, "post_entry": "asdf", "date_added": "2021-04-17T04:33:23.197Z"}}, {"model": "learning_posts.entry", "pk": 35, "fields": {"user": 1, "topic": 1, "post_entry": "sadf", "date_added": "2021-04-17T05:12:43.523Z"}}, {"model": "learning_posts.entry", "pk": 36, "fields": {"user": 1, "topic": null, "post_entry": "a", "date_added": "2021-04-17T21:59:45.664Z"}}, {"model": "learning_posts.entry", "pk": 37, "fields": {"user": 1, "topic": null, "post_entry": "Testing", "date_added": "2021-04-18T01:10:37.262Z"}}, {"model": "learning_posts.entry", "pk": 38, "fields": {"user": 1, "topic": null, "post_entry": "asd", "date_added": "2021-04-18T13:45:37.361Z"}}, {"model": "learning_posts.entry", "pk": 39, "fields": {"user": 1, "topic": 2, "post_entry": "ds", "date_added": "2021-04-18T13:48:48.862Z"}}, {"model": "learning_posts.entry", "pk": 40, "fields": {"user": 1, "topic": 2, "post_entry": "sdf", "date_added": "2021-04-18T13:49:10.190Z"}}, {"model": "learning_posts.entry", "pk": 41, "fields": {"user": 1, "topic": 2, "post_entry": "asdf", "date_added": "2021-04-18T13:56:59.400Z"}}, {"model": "learning_posts.entry", "pk": 42, "fields": {"user": 1, "topic": 1, "post_entry": "asdf", "date_added": "2021-04-18T16:03:09.872Z"}}, {"model": "learning_posts.entry", "pk": 43, "fields": {"user": 1, "topic": 1, "post_entry": "asdf", "date_added": "2021-04-18T16:03:55.913Z"}}, {"model": "learning_posts.entry", "pk": 44, "fields": {"user": 1, "topic": null, "post_entry": "easdf", "date_added": "2021-04-18T18:33:59.713Z"}}, {"model": "learning_posts.entry", "pk": 45, "fields": {"user": 1, "topic": null, "post_entry": "asdf", "date_added": "2021-04-18T18:35:05.040Z"}}, {"model": "learning_posts.entry", "pk": 46, "fields": {"user": 1, "topic": null, "post_entry": "dfdsa", "date_added": "2021-04-18T18:37:25.161Z"}}, {"model": "learning_posts.entry", "pk": 47, "fields": {"user": 1, "topic": null, "post_entry": "asdf", "date_added": "2021-04-18T18:38:58.612Z"}}, {"model": "learning_posts.entry", "pk": 48, "fields": {"user": 1, "topic": null, "post_entry": "testing entries", "date_added": "2021-04-18T18:42:12.081Z"}}, {"model": "learning_posts.entry", "pk": 49, "fields": {"user": 1, "topic": null, "post_entry": "[p", "date_added": "2021-04-18T18:45:21.824Z"}}, {"model": "learning_posts.entry", "pk": 50, "fields": {"user": 1, "topic": null, "post_entry": "asdf", "date_added": "2021-04-18T18:46:18.443Z"}}, {"model": "learning_posts.entry", "pk": 51, "fields": {"user": 1, "topic": 1, "post_entry": "asdf", "date_added": "2021-04-18T18:47:22.664Z"}}, {"model": "learning_posts.entry", "pk": 52, "fields": {"user": 1, "topic": 6, "post_entry": "asdf", "date_added": "2021-04-18T18:47:36.335Z"}}, {"model": "learning_posts.entry", "pk": 53, "fields": {"user": 1, "topic": 6, "post_entry": "fdas", "date_added": "2021-04-18T18:48:24.721Z"}}, {"model": "learning_posts.entry", "pk": 54, "fields": {"user": 1, "topic": 6, "post_entry": "asdf", "date_added": "2021-04-18T18:48:27.075Z"}}, {"model": "learning_posts.entry", "pk": 55, "fields": {"user": 1, "topic": 6, "post_entry": "fdass", "date_added": "2021-04-18T18:48:41.355Z"}}, {"model": "learning_posts.entry", "pk": 56, "fields": {"user": 1, "topic": 6, "post_entry": "klj", "date_added": "2021-04-18T19:30:04.474Z"}}, {"model": "learning_posts.entry", "pk": 57, "fields": {"user": 1, "topic": 6, "post_entry": "asd", "date_added": "2021-04-18T19:55:05.552Z"}}, {"model": "learning_posts.entry", "pk": 58, "fields": {"user": 1, "topic": 6, "post_entry": "sdf", "date_added": "2021-04-18T19:59:49.573Z"}}, {"model": "learning_posts.entry", "pk": 59, "fields": {"user": 1, "topic": 6, "post_entry": "asdf", "date_added": "2021-04-18T20:15:13.521Z"}}, {"model": "learning_posts.entry", "pk": 60, "fields": {"user": 1, "topic": 6, "post_entry": "asdf", "date_added": "2021-04-18T20:20:39.449Z"}}, {"model": "learning_posts.entry", "pk": 61, "fields": {"user": 1, "topic": 6, "post_entry": "asdf", "date_added": "2021-04-18T20:23:38.345Z"}}, {"model": "learning_posts.entry", "pk": 62, "fields": {"user": 1, "topic": 6, "post_entry": "asdf", "date_added": "2021-04-18T20:24:47.011Z"}}, {"model": "learning_posts.entry", "pk": 63, "fields": {"user": 1, "topic": 6, "post_entry": "asdf", "date_added": "2021-04-18T20:34:18.285Z"}}, {"model": "learning_posts.entry", "pk": 64, "fields": {"user": 1, "topic": 6, "post_entry": "asdf", "date_added": "2021-04-18T20:41:40.829Z"}}, {"model": "learning_posts.entry", "pk": 65, "fields": {"user": 1, "topic": 6, "post_entry": "asdf", "date_added": "2021-04-18T20:41:46.195Z"}}, {"model": "learning_posts.entry", "pk": 66, "fields": {"user": 1, "topic": 6, "post_entry": "asdfasdfasdfas", "date_added": "2021-04-18T20:41:50.817Z"}}, {"model": "learning_posts.entry", "pk": 67, "fields": {"user": 1, "topic": 6, "post_entry": "sdasdf", "date_added": "2021-04-18T20:42:12.189Z"}}, {"model": "learning_posts.entry", "pk": 68, "fields": {"user": 1, "topic": 4, "post_entry": "asdfsa", "date_added": "2021-04-18T20:42:21.366Z"}}, {"model": "learning_posts.entry", "pk": 69, "fields": {"user": 1, "topic": 4, "post_entry": "asdfas", "date_added": "2021-04-18T20:42:24.093Z"}}, {"model": "learning_posts.entry", "pk": 70, "fields": {"user": 1, "topic": 4, "post_entry": "asdfasda", "date_added": "2021-04-18T20:42:27.875Z"}}, {"model": "learning_posts.entry", "pk": 71, "fields": {"user": 1, "topic": 4, "post_entry": "asdf", "date_added": "2021-04-18T20:45:24.366Z"}}, {"model": "learning_posts.entry", "pk": 72, "fields": {"user": 1, "topic": 4, "post_entry": "asdf", "date_added": "2021-04-18T20:45:26.221Z"}}, {"model": "learning_posts.entry", "pk": 73, "fields": {"user": 1, "topic": 4, "post_entry": "asdf", "date_added": "2021-04-18T20:46:09.248Z"}}, {"model": "learning_posts.entry", "pk": 74, "fields": {"user": 1, "topic": 4, "post_entry": "dasdf", "date_added": "2021-04-18T20:48:03.443Z"}}, {"model": "learning_posts.entry", "pk": 75, "fields": {"user": 1, "topic": 4, "post_entry": "asdfas", "date_added": "2021-04-18T20:49:02.412Z"}}, {"model": "learning_posts.entry", "pk": 76, "fields": {"user": 1, "topic": 4, "post_entry": "afdsfasdfs", "date_added": "2021-04-18T23:22:18.585Z"}}, {"model": "learning_posts.entry", "pk": 77, "fields": {"user": 1, "topic": 1, "post_entry": "asdf", "date_added": "2021-04-18T23:46:09.805Z"}}, {"model": "learning_posts.entry", "pk": 78, "fields": {"user": 1, "topic": 1, "post_entry": "93472983743", "date_added": "2021-04-18T23:46:14.721Z"}}, {"model": "learning_posts.entry", "pk": 79, "fields": {"user": 1, "topic": 6, "post_entry": "1231231", "date_added": "2021-04-19T00:18:08.827Z"}}, {"model": "learning_posts.entry", "pk": 80, "fields": {"user": 1, "topic": 11, "post_entry": "Today I learned the queens gambit. Edit. Edit again. again", "date_added": "2021-04-19T03:33:56.677Z"}}, {"model": "learning_posts.entry", "pk": 81, "fields": {"user": 1, "topic": 1, "post_entry": "asdf", "date_added": "2021-04-19T03:54:38.062Z"}}, {"model": "learning_posts.entry", "pk": 82, "fields": {"user": 1, "topic": 1, "post_entry": "2323e2", "date_added": "2021-04-19T03:57:06.725Z"}}, {"model": "learning_posts.entry", "pk": 83, "fields": {"user": 1, "topic": 10, "post_entry": "I soloed el capitan", "date_added": "2021-04-19T13:07:34.112Z"}}, {"model": "learning_posts.entry", "pk": 84, "fields": {"user": 1, "topic": 10, "post_entry": "I have seen the top of everest", "date_added": "2021-04-19T13:07:44.246Z"}}, {"model": "learning_posts.entry", "pk": 85, "fields": {"user": 1, "topic": 10, "post_entry": "I have seen it all", "date_added": "2021-04-19T13:08:06.150Z"}}, {"model": "learning_posts.entry", "pk": 86, "fields": {"user": 1, "topic": 10, "post_entry": "blank", "date_added": "2021-04-19T13:44:54.518Z"}}, {"model": "learning_posts.entry", "pk": 87, "fields": {"user": 1, "topic": 10, "post_entry": "Another try", "date_added": "2021-04-19T13:45:30.787Z"}}, {"model": "learning_posts.entry", "pk": 88, "fields": {"user": 1, "topic": 10, "post_entry": "asdf", "date_added": "2021-04-19T15:02:27.082Z"}}, {"model": "learning_posts.entry", "pk": 89, "fields": {"user": 1, "topic": 10, "post_entry": "When making any changes to the Sass variables or maps, you\u2019ll need to save your changes and recompile. Doing so will output a brand new set of predefined grid classes for column widths, offsets, and ordering. Responsive visibility utilities will also be updated to use the custom breakpoints. Make sure to set grid values in px (not rem, em, or %).. lsdfj;asldkfja", "date_added": "2021-04-19T15:35:19.163Z"}}, {"model": "learning_posts.entry", "pk": 90, "fields": {"user": 1, "topic": 10, "post_entry": "asdfasdsa", "date_added": "2021-04-20T01:10:49.907Z"}}, {"model": "learning_posts.entry", "pk": 91, "fields": {"user": 1, "topic": 10, "post_entry": "testing new ui", "date_added": "2021-04-20T01:28:53.913Z"}}, {"model": "learning_posts.entry", "pk": 92, "fields": {"user": 2, "topic": 18, "post_entry": "testuser2 first entry", "date_added": "2021-04-20T04:07:02.021Z"}}, {"model": "learning_posts.entry", "pk": 93, "fields": {"user": 2, "topic": 20, "post_entry": "New entry for testuser2", "date_added": "2021-04-20T04:11:17.467Z"}}, {"model": "learning_posts.entry", "pk": 94, "fields": {"user": 2, "topic": 21, "post_entry": "In meteorology, a cloud is an aerosol consisting of a visible mass of minute liquid droplets, frozen crystals, or other particles suspended in the atmosphere of a planetary body or similar space.[1] Water or various other chemicals may compose the droplets and crystals. On Earth, clouds are formed as a result of saturation of the air when it is cooled to its dew point, or when it gains sufficient moisture (usually in the form of water vapor) from an adjacent source to raise the dew point to the ambient temperature. They are seen in the Earth's homosphere, which includes the troposphere, stratosphere, and mesosphere. Nephology is the science of clouds, which is undertaken in the cloud physics branch of meteorology. There are two methods of naming clouds in their respective layers of the homosphere, Latin and common.", "date_added": "2021-04-21T02:13:57.735Z"}}, {"model": "learning_posts.entry", "pk": 95, "fields": {"user": 2, "topic": 22, "post_entry": "Genus types in the troposphere, the atmospheric layer closest to Earth's surface, have Latin names due to the universal adoption of Luke Howard's nomenclature that was formally proposed in 1802. It became the basis of a modern international system that divides clouds into five physical forms which can be further divided or classified into altitude levels to derive ten basic genera. The main representative cloud types for each of these forms are stratus, cirrus, stratocumulus, cumulus, and cumulonimbus. Low-level clouds do not have any altitude-related prefixes. However mid-level stratiform and stratocumuliform types are given the prefix alto- while high-level variants of these same two forms carry the prefix cirro-. Genus types with sufficient vertical extent to occupy more than one level do not carry any altitude related prefixes.", "date_added": "2021-04-21T02:14:28.888Z"}}, {"model": "learning_posts.entry", "pk": 96, "fields": {"user": 1, "topic": 23, "post_entry": "In the stratosphere and mesosphere, clouds have common names for their main types. They may have the appearance of stratiform veils or sheets, cirriform wisps, or stratocumuliform bands or ripples. They are seen infrequently, mostly in the polar regions of Earth. Clouds have been observed in the atmospheres of other planets and moons in the Solar System and beyond. However, due to their different temperature characteristics, they are often composed of other substances such as methane, ammonia, and sulfuric acid, as well as water.", "date_added": "2021-04-21T02:17:43.709Z"}}, {"model": "learning_posts.entry", "pk": 97, "fields": {"user": 1, "topic": 23, "post_entry": "Tropospheric clouds can have a direct effect on climate change on Earth. They may reflect incoming rays from the sun which can contribute to a cooling effect where and when these clouds occur, or trap longer wave radiation that reflects back up from the Earth's surface which can cause a warming effect. The altitude, form, and thickness of the clouds are the main factors that affect the local heating or cooling of Earth and the atmosphere. Clouds that form above the troposphere are too scarce and too thin to have any influence on climate change. Clouds are the main uncertainty in climate sensitivity.[2]", "date_added": "2021-04-21T02:21:03.988Z"}}, {"model": "learning_posts.entry", "pk": 98, "fields": {"user": 1, "topic": 23, "post_entry": "The table that follows is very broad in scope. It draws from several methods of cloud classification, both formal and informal, used in different levels of the Earth's homosphere by a number of cited authorities, especially with respect to forms,[3] altitude levels,[4] forms and levels,[5] towering vertical clouds,[6] and clouds above the troposphere.[7] Despite some differences in nomenclature, the classification schemes seen in this article can be combined by using an informal cross-classification of physical forms and altitude levels to derive the 10 tropospheric genera, the fog and mist that forms at surface level, and several additional major types above the troposphere.", "date_added": "2021-04-21T02:22:54.412Z"}}, {"model": "learning_posts.entry", "pk": 99, "fields": {"user": 1, "topic": 23, "post_entry": "The cumulus genus includes four species that indicate vertical size which can affect the altitude levels. This table should not be seen as a strict or singular classification, but as an illustration of how various major cloud types are related to each other and defined through a full range of altitude levels from Earth's surface to the \"edge of space.\"", "date_added": "2021-04-21T02:23:35.006Z"}}, {"model": "learning_posts.entry", "pk": 100, "fields": {"user": 1, "topic": 22, "post_entry": "The origin of the term \"cloud\" can be found in the Old English words clud or clod, meaning a hill or a mass of stone. Around the beginning of the 13th century, the word came to be used as a metaphor for rain clouds, because of the similarity in appearance between a mass of rock and cumulus heap cloud. Over time, the metaphoric usage of the word supplanted the Old English weolcan, which had been the literal term for clouds in general.[8][9]", "date_added": "2021-04-21T02:24:43.081Z"}}, {"model": "learning_posts.entry", "pk": 101, "fields": {"user": 1, "topic": 23, "post_entry": "New Entry", "date_added": "2021-04-24T01:46:39.150Z"}}, {"model": "learning_posts.entry", "pk": 102, "fields": {"user": 2, "topic": 26, "post_entry": "I am testing out entries in django", "date_added": "2021-04-24T02:09:14.317Z"}}, {"model": "profiles.profile", "pk": 1, "fields": {"user": 1, "location": null, "bio": null}}, {"model": "profiles.profile", "pk": 2, "fields": {"user": 2, "location": null, "bio": null}}, {"model": "profiles.profile", "pk": 3, "fields": {"user": 3, "location": null, "bio": null}}, {"model": "profiles.profile", "pk": 4, "fields": {"user": 4, "location": null, "bio": null}}]